title,runtime,genre(s),director(s),writer(s),actor(s),rating(s),number of rating(s)
The Shawshank Redemption,142,Crime; Drama,Frank Darabont,Stephen King; Frank Darabont,Tim Robbins; Morgan Freeman; Bob Gunton,9.3,1605810
The Godfather,175,Crime; Drama,Francis Ford Coppola,Mario Puzo; Francis Ford Coppola,Marlon Brando; Al Pacino; James Caan,9.2,1099727
The Godfather: Part II,202,Crime; Drama,Francis Ford Coppola,Francis Ford Coppola; Mario Puzo,Al Pacino; Robert De Niro; Robert Duvall,9,748349
The Dark Knight,152,Action; Crime; Drama,Christopher Nolan,Jonathan Nolan; Christopher Nolan,Christian Bale; Heath Ledger; Aaron Eckhart,9,1581710
Pulp Fiction,154,Crime; Drama,Quentin Tarantino,Quentin Tarantino; Roger Avary,John Travolta; Uma Thurman; Samuel L. Jackson,8.9,1256370
Schindler's List,195,Biography; Drama; History,Steven Spielberg,Thomas Keneally; Steven Zaillian,Liam Neeson; Ralph Fiennes; Ben Kingsley,8.9,819888
12 Angry Men,96,Crime; Drama,Sidney Lumet,Reginald Rose,Henry Fonda; Lee J. Cobb; Martin Balsam,8.9,420267
The Lord of the Rings: The Return of the King,201,Adventure; Drama; Fantasy,Peter Jackson,J.R.R. Tolkien; Fran Walsh,Elijah Wood; Viggo Mortensen; Ian McKellen,8.9,1154620
"Il buono, il brutto, il cattivo",161,Western,Sergio Leone,Luciano Vincenzoni; Sergio Leone,Clint Eastwood; Eli Wallach; Lee Van Cleef,8.9,479328
Fight Club,139,Drama,David Fincher,Chuck Palahniuk; Jim Uhls,Brad Pitt; Edward Norton; Helena Bonham Carter,8.9,1273906
The Lord of the Rings: The Fellowship of the Ring,178,Adventure; Drama; Fantasy,Peter Jackson,J.R.R. Tolkien; Fran Walsh,Elijah Wood; Ian McKellen; Orlando Bloom,8.8,1178633
Star Wars: Episode V - The Empire Strikes Back,124,Action; Adventure; Fantasy; Sci-Fi,Irvin Kershner,Leigh Brackett; Lawrence Kasdan,Mark Hamill; Harrison Ford; Carrie Fisher,8.8,787138
Forrest Gump,142,Drama; Romance,Robert Zemeckis,Winston Groom; Eric Roth,Tom Hanks; Robin Wright; Gary Sinise,8.8,1175734
Inception,148,Action; Mystery; Sci-Fi; Thriller,Christopher Nolan,Christopher Nolan,Leonardo DiCaprio; Joseph Gordon-Levitt; Ellen Page,8.8,1383252
One Flew Over the Cuckoo's Nest,133,Drama,Milos Forman,Lawrence Hauben; Bo Goldman,Jack Nicholson; Louise Fletcher; Michael Berryman,8.7,647880
The Lord of the Rings: The Two Towers,179,Adventure; Drama; Fantasy,Peter Jackson,J.R.R. Tolkien; Fran Walsh,Elijah Wood; Ian McKellen; Viggo Mortensen,8.7,1042902
Goodfellas,146,Biography; Crime; Drama,Martin Scorsese,Nicholas Pileggi; Nicholas Pileggi,Robert De Niro; Ray Liotta; Joe Pesci,8.7,692043
The Matrix,136,Action; Sci-Fi,Andy Wachowski; Lana Wachowski,Andy Wachowski; Lana Wachowski,Keanu Reeves; Laurence Fishburne; Carrie-Anne Moss,8.7,1155715
Shichinin no samurai,207,Drama,Akira Kurosawa,Akira Kurosawa; Shinobu Hashimoto,Toshirô Mifune; Takashi Shimura; Keiko Tsushima,8.7,218858
Star Wars: Episode IV - A New Hope,121,Action; Adventure; Fantasy; Sci-Fi,George Lucas,George Lucas,Mark Hamill; Harrison Ford; Carrie Fisher,8.7,860761
City of God,130,Crime; Drama,Fernando Meirelles; Kátia Lund,Paulo Lins; Bráulio Mantovani,Alexandre Rodrigues; Matheus Nachtergaele; Leandro Firmino,8.7,508856
Se7en,127,Crime; Drama; Mystery; Thriller,David Fincher,Andrew Kevin Walker,Morgan Freeman; Brad Pitt; Kevin Spacey,8.6,968358
The Silence of the Lambs,118,Crime; Drama; Thriller,Jonathan Demme,Thomas Harris; Ted Tally,Jodie Foster; Anthony Hopkins; Lawrence A. Bonney,8.6,835785
It's a Wonderful Life,130,Drama; Family; Fantasy,Frank Capra,Frances Goodrich; Albert Hackett,James Stewart; Donna Reed; Lionel Barrymore,8.6,262727
The Usual Suspects,106,Crime; Drama; Mystery; Thriller,Bryan Singer,Christopher McQuarrie,Kevin Spacey; Gabriel Byrne; Chazz Palminteri,8.6,704530
La vita è bella,116,Comedy; Drama; Romance,Roberto Benigni,Vincenzo Cerami; Roberto Benigni,Roberto Benigni; Nicoletta Braschi; Giorgio Cantarini,8.6,393959
Léon,110,Crime; Drama; Thriller,Luc Besson,Luc Besson,Jean Reno; Gary Oldman; Natalie Portman,8.6,686782
Once Upon a Time in the West,175,Western,Sergio Leone,Sergio Donati; Sergio Leone,Henry Fonda; Charles Bronson; Claudia Cardinale,8.6,205857
De reis van Chihiro,125,Animation; Adventure; Family; Fantasy,Hayao Miyazaki,Hayao Miyazaki,Daveigh Chase; Suzanne Pleshette; Miyu Irino,8.6,390795
Saving Private Ryan,169,Action; Drama; War,Steven Spielberg,Robert Rodat,Tom Hanks; Matt Damon; Tom Sizemore,8.6,833530
Interstellar,169,Adventure; Drama; Sci-Fi,Christopher Nolan,Jonathan Nolan; Christopher Nolan,Matthew McConaughey; Anne Hathaway; Jessica Chastain,8.6,836403
Casablanca,102,Drama; Romance; War,Michael Curtiz,Julius J. Epstein; Philip G. Epstein,Humphrey Bogart; Ingrid Bergman; Paul Henreid,8.6,371013
American History X,119,Crime; Drama,Tony Kaye,David McKenna,Edward Norton; Edward Furlong; Beverly D'Angelo,8.6,745266
Psycho,109,Horror; Mystery; Thriller,Alfred Hitchcock,Joseph Stefano; Robert Bloch,Anthony Perkins; Janet Leigh; Vera Miles,8.5,400048
City Lights,87,Comedy; Drama; Romance,Charles Chaplin,Charles Chaplin,Charles Chaplin; Virginia Cherrill; Florence Lee,8.6,101371
Indiana Jones and the Raiders of the Lost Ark,115,Action; Adventure,Steven Spielberg,Lawrence Kasdan; George Lucas,Harrison Ford; Karen Allen; Paul Freeman,8.5,628785
Rear Window,112,Mystery; Thriller,Alfred Hitchcock,John Michael Hayes; Cornell Woolrich,James Stewart; Grace Kelly; Wendell Corey,8.5,300417
The Intouchables,112,Biography; Comedy; Drama,Olivier Nakache; Eric Toledano,Olivier Nakache; Eric Toledano,François Cluzet; Omar Sy; Anne Le Ny,8.6,467000
Modern Times,87,Comedy; Drama; Romance,Charles Chaplin,Charles Chaplin,Charles Chaplin; Paulette Goddard; Henry Bergman,8.6,133649
The Green Mile,189,Crime; Drama; Fantasy; Mystery,Frank Darabont,Stephen King; Frank Darabont,Tom Hanks; Michael Clarke Duncan; David Morse,8.5,735338
Terminator 2: Judgment Day,137,Action; Sci-Fi,James Cameron,James Cameron; William Wisher Jr.,Arnold Schwarzenegger; Linda Hamilton; Edward Furlong,8.5,708145
The Pianist,150,Biography; Drama; War,Roman Polanski,Ronald Harwood; Wladyslaw Szpilman,Adrien Brody; Thomas Kretschmann; Frank Finlay,8.5,469521
The Departed,151,Crime; Drama; Thriller,Martin Scorsese,William Monahan; Alan Mak,Leonardo DiCaprio; Matt Damon; Jack Nicholson,8.5,826298
Whiplash,107,Drama; Music,Damien Chazelle,Damien Chazelle,Miles Teller; J.K. Simmons; Melissa Benoist,8.5,348061
Back to the Future,116,Adventure; Comedy; Sci-Fi,Robert Zemeckis,Robert Zemeckis; Bob Gale,Michael J. Fox; Christopher Lloyd; Lea Thompson,8.5,688560
Memento,113,Mystery; Thriller,Christopher Nolan,Christopher Nolan; Jonathan Nolan,Guy Pearce; Carrie-Anne Moss; Joe Pantoliano,8.5,805705
Gladiator,155,Action; Drama,Ridley Scott,David Franzoni; David Franzoni,Russell Crowe; Joaquin Phoenix; Connie Nielsen,8.5,931522
Apocalypse Now,153,Drama; War,Francis Ford Coppola,John Milius; Francis Ford Coppola,Martin Sheen; Marlon Brando; Robert Duvall,8.5,430867
Dr. Strangelove or: How I Learned to Stop Worrying and Love the Bomb,95,Comedy,Stanley Kubrick,Stanley Kubrick; Terry Southern,Peter Sellers; George C. Scott; Sterling Hayden,8.5,327398
The Prestige,130,Drama; Mystery; Sci-Fi; Thriller,Christopher Nolan,Jonathan Nolan; Christopher Nolan,Christian Bale; Hugh Jackman; Scarlett Johansson,8.5,795667
Sunset Blvd.,110,Drama; Film-Noir,Billy Wilder,Charles Brackett; Billy Wilder,William Holden; Gloria Swanson; Erich von Stroheim,8.5,132740
De leeuwenkoning,89,Animation; Adventure; Drama; Family; Musical,Roger Allers; Rob Minkoff,Irene Mecchi; Jonathan Roberts,Matthew Broderick; Jeremy Irons; James Earl Jones,8.5,602629
Alien,117,Horror; Sci-Fi,Ridley Scott,Dan O'Bannon; Ronald Shusett,Sigourney Weaver; Tom Skerritt; John Hurt,8.5,534477
De dictator,125,Comedy; Drama; War,Charles Chaplin,Charles Chaplin,Charles Chaplin; Paulette Goddard; Jack Oakie,8.5,128868
The Lives of Others,137,Drama; Thriller,Florian Henckel von Donnersmarck,Florian Henckel von Donnersmarck,Ulrich Mühe; Martina Gedeck; Sebastian Koch,8.5,246803
Nuovo Cinema Paradiso,155,Drama,Giuseppe Tornatore,Giuseppe Tornatore; Giuseppe Tornatore,Philippe Noiret; Enzo Cannavale; Antonella Attili,8.5,143375
Django Unchained,165,Drama; Western,Quentin Tarantino,Quentin Tarantino,Jamie Foxx; Christoph Waltz; Leonardo DiCaprio,8.5,890802
The Shining,146,Drama; Horror,Stanley Kubrick,Stephen King; Stanley Kubrick,Jack Nicholson; Shelley Duvall; Danny Lloyd,8.4,575799
Paths of Glory,88,Drama; War,Stanley Kubrick,Stanley Kubrick; Calder Willingham,Kirk Douglas; Ralph Meeker; Adolphe Menjou,8.5,114342
The Dark Knight Rises,164,Action; Thriller,Christopher Nolan,Jonathan Nolan; Christopher Nolan,Christian Bale; Tom Hardy; Anne Hathaway,8.5,1076441
WALL·E,98,Animation; Adventure; Family; Sci-Fi,Andrew Stanton,Andrew Stanton; Pete Docter,Ben Burtt; Elissa Knight; Jeff Garlin,8.4,675121
Hotaru no haka,89,Animation; Drama; War,Isao Takahata,Akiyuki Nosaka; Isao Takahata,Tsutomu Tatsumi; Ayano Shiraishi; Akemi Yamaguchi,8.5,128232
American Beauty,122,Drama; Romance,Sam Mendes,Alan Ball,Kevin Spacey; Annette Bening; Thora Birch,8.4,784507
Aliens,137,Action; Horror; Sci-Fi,James Cameron,James Cameron; David Giler,Sigourney Weaver; Michael Biehn; Carrie Henn,8.4,465751
Mononoke-hime,134,Animation; Adventure; Fantasy,Hayao Miyazaki,Hayao Miyazaki,Yôji Matsuda; Yuriko Ishida; Yûko Tanaka,8.4,208305
Citizen Kane,119,Drama; Mystery,Orson Welles,Herman J. Mankiewicz; Orson Welles,Orson Welles; Joseph Cotten; Dorothy Comingore,8.4,285066
Oldeuboi,120,Drama; Mystery; Thriller,Chan-wook Park,Garon Tsuchiya; Nobuaki Minegishi,Min-sik Choi; Ji-tae Yu; Hye-jeong Kang,8.4,336333
North by Northwest,136,Adventure; Crime; Mystery; Thriller,Alfred Hitchcock,Ernest Lehman,Cary Grant; Eva Marie Saint; James Mason,8.4,210929
Vertigo,128,Mystery; Romance; Thriller,Alfred Hitchcock,Alec Coppel; Samuel A. Taylor,James Stewart; Kim Novak; Barbara Bel Geddes,8.4,235131
Once Upon a Time in America,229,Crime; Drama,Sergio Leone,Harry Grey; Leonardo Benvenuti,Robert De Niro; James Woods; Elizabeth McGovern,8.4,209822
Das Boot,149,Adventure; Drama; Thriller; War,Wolfgang Petersen,Wolfgang Petersen; Lothar G. Buchheim,Jürgen Prochnow; Herbert Grönemeyer; Klaus Wennemann,8.4,160867
M,117,Crime; Drama; Mystery; Thriller,Fritz Lang,Thea von Harbou; Fritz Lang,Peter Lorre; Ellen Widmann; Inge Landgut,8.4,94413
Star Wars: Episode VI - Return of the Jedi,131,Action; Adventure; Fantasy; Sci-Fi,Richard Marquand,Lawrence Kasdan; George Lucas,Mark Hamill; Harrison Ford; Carrie Fisher,8.4,638104
Witness for the Prosecution,116,Drama; Mystery,Billy Wilder,Agatha Christie; Billy Wilder,Tyrone Power; Marlene Dietrich; Charles Laughton,8.4,58704
Amélie,122,Comedy; Romance,Jean-Pierre Jeunet,Guillaume Laurant; Jean-Pierre Jeunet,Audrey Tautou; Mathieu Kassovitz; Rufus,8.4,508745
Reservoir Dogs,99,Crime; Thriller,Quentin Tarantino,Quentin Tarantino; Roger Avary,Harvey Keitel; Tim Roth; Michael Madsen,8.4,628348
Braveheart,178,Biography; Drama; History; War,Mel Gibson,Randall Wallace,Mel Gibson; Sophie Marceau; Patrick McGoohan,8.4,701362
A Clockwork Orange,136,Crime; Drama; Sci-Fi,Stanley Kubrick,Stanley Kubrick; Anthony Burgess,Malcolm McDowell; Patrick Magee; Michael Bates,8.4,528640
Requiem for a Dream,102,Drama,Darren Aronofsky,Hubert Selby Jr.; Hubert Selby Jr.,Ellen Burstyn; Jared Leto; Jennifer Connelly,8.4,546032
Star Wars: Episode VII - The Force Awakens,135,Action; Adventure; Fantasy; Sci-Fi,J.J. Abrams,Lawrence Kasdan; J.J. Abrams,Daisy Ridley; John Boyega; Oscar Isaac,8.4,425122
Toy Story 3,103,Animation; Adventure; Comedy; Family; Fantasy,Lee Unkrich,John Lasseter; Andrew Stanton,Tom Hanks; Tim Allen; Joan Cusack,8.4,511942
Taxi Driver,113,Crime; Drama,Martin Scorsese,Paul Schrader,Robert De Niro; Jodie Foster; Cybill Shepherd,8.4,479060
Double Indemnity,107,Crime; Drama; Film-Noir; Thriller,Billy Wilder,Billy Wilder; Raymond Chandler,Fred MacMurray; Barbara Stanwyck; Edward G. Robinson,8.4,92804
To Kill a Mockingbird,129,Drama,Robert Mulligan,Harper Lee; Horton Foote,Gregory Peck; John Megna; Frank Overton,8.4,203006
Lawrence of Arabia,216,Adventure; Biography; Drama; History; War,David Lean,T.E. Lawrence; Robert Bolt,Peter O'Toole; Alec Guinness; Anthony Quinn,8.4,182975
Eternal Sunshine of the Spotless Mind,108,Drama; Romance; Sci-Fi,Michel Gondry,Charlie Kaufman; Michel Gondry,Jim Carrey; Kate Winslet; Tom Wilkinson,8.4,632813
Full Metal Jacket,116,Drama; War,Stanley Kubrick,Gustav Hasford; Stanley Kubrick,Matthew Modine; R. Lee Ermey; Vincent D'Onofrio,8.3,458587
Amadeus,160,Biography; Drama; Music,Milos Forman,Peter Shaffer; Peter Shaffer,F. Murray Abraham; Tom Hulce; Elizabeth Berridge,8.3,257462
The Sting,129,Comedy; Crime; Drama,George Roy Hill,David S. Ward,Paul Newman; Robert Redford; Robert Shaw,8.3,166942
Singin' in the Rain,103,Comedy; Musical; Romance,Stanley Donen; Gene Kelly,Adolph Green; Betty Comden,Gene Kelly; Donald O'Connor; Debbie Reynolds,8.3,142364
Ladri di biciclette,89,Drama,Vittorio De Sica,Cesare Zavattini; Luigi Bartolini,Lamberto Maggiorani; Enzo Staiola; Lianella Carell,8.4,88897
2001: A Space Odyssey,149,Mystery; Sci-Fi,Stanley Kubrick,Stanley Kubrick; Arthur C. Clarke,Keir Dullea; Gary Lockwood; William Sylvester,8.3,403927
Snatch.,104,Comedy; Crime,Guy Ritchie,Guy Ritchie,Jason Statham; Brad Pitt; Benicio Del Toro,8.3,573926
Monty Python and the Holy Grail,91,Adventure; Comedy; Fantasy,Terry Gilliam; Terry Jones,Graham Chapman; John Cleese,Graham Chapman; John Cleese; Eric Idle,8.3,365361
Toy Story,81,Animation; Adventure; Comedy; Family; Fantasy,John Lasseter,John Lasseter; Pete Docter,Tom Hanks; Tim Allen; Don Rickles,8.3,584769
The Kid,68,Comedy; Drama; Family,Charles Chaplin,Charles Chaplin,Charles Chaplin; Edna Purviance; Jackie Coogan,8.4,62153
Inglourious Basterds,153,Adventure; Drama; War,Quentin Tarantino; Eli Roth,Quentin Tarantino,Brad Pitt; Diane Kruger; Eli Roth,8.3,830753
L.A. Confidential,138,Crime; Drama; Mystery; Thriller,Curtis Hanson,James Ellroy; Brian Helgeland,Kevin Spacey; Russell Crowe; Guy Pearce,8.3,397700
Rashômon,88,Crime; Drama,Akira Kurosawa,Ryûnosuke Akutagawa; Akira Kurosawa,Toshirô Mifune; Machiko Kyô; Masayuki Mori,8.3,97223
Per qualche dollaro in più,132,Western,Sergio Leone,Sergio Leone; Fulvio Morsella,Clint Eastwood; Lee Van Cleef; Gian Maria Volontè,8.3,147599
The Apartment,125,Comedy; Drama; Romance,Billy Wilder,Billy Wilder; I.A.L. Diamond,Jack Lemmon; Shirley MacLaine; Fred MacMurray,8.3,103555
All About Eve,138,Drama,Joseph L. Mankiewicz,Joseph L. Mankiewicz,Bette Davis; Anne Baxter; George Sanders,8.3,79144
Indiana Jones and the Last Crusade,127,Action; Adventure,Steven Spielberg,Jeffrey Boam; George Lucas,Harrison Ford; Sean Connery; Alison Doody,8.3,489022
Inside Out,95,Animation; Adventure; Comedy; Drama; Family; Fantasy,Pete Docter; Ronnie Del Carmen,Pete Docter; Ronnie Del Carmen,Amy Poehler; Bill Hader; Lewis Black,8.3,265675
Jodaeiye Nader az Simin,123,Drama,Asghar Farhadi,Asghar Farhadi,Peyman Moaadi; Leila Hatami; Sareh Bayat,8.4,143906
Metropolis,153,Drama; Sci-Fi,Fritz Lang,Thea von Harbou; Thea von Harbou,Brigitte Helm; Alfred Abel; Gustav Fröhlich,8.3,106205
Scarface,170,Crime; Drama,Brian De Palma,Oliver Stone,Al Pacino; Michelle Pfeiffer; Steven Bauer,8.3,510877
The Treasure of the Sierra Madre,126,Action; Adventure; Drama; Western,John Huston,John Huston; B. Traven,Humphrey Bogart; Walter Huston; Tim Holt,8.3,75498
Yôjinbô,110,Comedy; Drama,Akira Kurosawa,Akira Kurosawa; Akira Kurosawa,Toshirô Mifune; Eijirô Tôno; Tatsuya Nakadai,8.3,70267
Batman Begins,140,Action; Adventure,Christopher Nolan,Bob Kane; David S. Goyer,Christian Bale; Michael Caine; Ken Watanabe,8.3,919925
Some Like It Hot,120,Comedy; Crime,Billy Wilder,Billy Wilder; I.A.L. Diamond,Marilyn Monroe; Tony Curtis; Jack Lemmon,8.3,167061
The Third Man,104,Film-Noir; Mystery; Thriller,Carol Reed,Graham Greene; Graham Greene,Orson Welles; Joseph Cotten; Alida Valli,8.3,108535
Unforgiven,131,Western,Clint Eastwood,David Webb Peoples,Clint Eastwood; Gene Hackman; Morgan Freeman,8.3,264504
3 Idiots,170,Comedy; Drama,Rajkumar Hirani,Rajkumar Hirani; Abhijat Joshi,Aamir Khan; Madhavan; Mona Singh,8.4,190210
Jagten,115,Drama,Thomas Vinterberg,Tobias Lindholm; Thomas Vinterberg,Mads Mikkelsen; Thomas Bo Larsen; Annika Wedderkopp,8.3,155792
Up,96,Animation; Adventure; Comedy; Family,Pete Docter; Bob Peterson,Pete Docter; Bob Peterson,Edward Asner; Jordan Nagai; John Ratzenberger,8.3,621568
Good Will Hunting,126,Drama,Gus Van Sant,Matt Damon; Ben Affleck,Robin Williams; Matt Damon; Ben Affleck,8.3,571272
Raging Bull,129,Biography; Drama; Sport,Martin Scorsese,Jake LaMotta; Joseph Carter,Robert De Niro; Cathy Moriarty; Joe Pesci,8.3,224645
Der Untergang,156,Biography; Drama; War,Oliver Hirschbiegel,Bernd Eichinger; Joachim Fest,Bruno Ganz; Alexandra Maria Lara; Ulrich Matthes,8.3,237837
Die Hard,131,Action; Thriller,John McTiernan,Roderick Thorp; Jeb Stuart,Bruce Willis; Alan Rickman; Bonnie Bedelia,8.2,565755
Chinatown,130,Drama; Mystery; Thriller,Roman Polanski,Robert Towne,Jack Nicholson; Faye Dunaway; John Huston,8.3,206209
The Great Escape,172,Adventure; Drama; History; War,John Sturges,Paul Brickhill; James Clavell,Steve McQueen; James Garner; Richard Attenborough,8.3,157697
Heat,170,Action; Crime; Drama; Thriller,Michael Mann,Michael Mann,Al Pacino; Robert De Niro; Val Kilmer,8.2,413147
On the Waterfront,108,Crime; Drama; Thriller,Elia Kazan,Budd Schulberg; Budd Schulberg,Marlon Brando; Karl Malden; Lee J. Cobb,8.3,95480
Pan's Labyrinth,118,Drama; Fantasy; War,Guillermo del Toro,Guillermo del Toro,Ivana Baquero; Ariadna Gil; Sergi López,8.2,445380
Sunrise: A Song of Two Humans,94,Comedy; Drama; Romance; Thriller,F.W. Murnau,Carl Mayer; Hermann Sudermann,George O'Brien; Janet Gaynor; Margaret Livingston,8.4,26897
Mr. Smith Goes to Washington,129,Drama,Frank Capra,Sidney Buchman; Lewis R. Foster,James Stewart; Jean Arthur; Claude Rains,8.3,73869
Tonari no Totoro,86,Animation; Family; Fantasy,Hayao Miyazaki,Hayao Miyazaki,Hitoshi Takagi; Noriko Hidaka; Chika Sakamoto,8.3,158883
The Bridge on the River Kwai,161,Adventure; Drama; War,David Lean,Pierre Boulle; Carl Foreman,William Holden; Alec Guinness; Jack Hawkins,8.2,141711
The Gold Rush,95,Adventure; Comedy; Drama; Romance,Charles Chaplin,Charles Chaplin,Charles Chaplin; Mack Swain; Tom Murray,8.3,63895
Ikiru,143,Drama,Akira Kurosawa,Akira Kurosawa; Shinobu Hashimoto,Takashi Shimura; Nobuo Kaneko; Shin'ichi Himori,8.3,39757
Ran,162,Action; Drama; War,Akira Kurosawa,Akira Kurosawa; Hideo Oguni,Tatsuya Nakadai; Akira Terao; Jinpachi Nezu,8.3,73637
Det sjunde inseglet,96,Drama; Fantasy,Ingmar Bergman,Ingmar Bergman; Ingmar Bergman,Max von Sydow; Gunnar Björnstrand; Bengt Ekerot,8.2,106236
Blade Runner,117,Sci-Fi; Thriller,Ridley Scott,Hampton Fancher; David Webb Peoples,Harrison Ford; Rutger Hauer; Sean Young,8.2,441253
El secreto de sus ojos,129,Drama; Mystery; Thriller,Juan José Campanella,Eduardo Sacheri; Juan José Campanella,Ricardo Darín; Soledad Villamil; Pablo Rago,8.2,121966
The Revenant,156,Adventure; Drama; Thriller; Western,Alejandro González Iñárritu,Mark L. Smith; Alejandro González Iñárritu,Leonardo DiCaprio; Tom Hardy; Will Poulter,8.2,211778
"Lock, Stock and Two Smoking Barrels",107,Comedy; Crime,Guy Ritchie,Guy Ritchie,Jason Flemyng; Dexter Fletcher; Nick Moran,8.2,397736
Room,118,Drama,Lenny Abrahamson,Emma Donoghue; Emma Donoghue,Brie Larson; Jacob Tremblay; Sean Bridgers,8.3,39537
The General,67,Action; Adventure; Comedy; Drama; War,Clyde Bruckman; Buster Keaton,Buster Keaton; Clyde Bruckman,Buster Keaton; Marion Mack; Glen Cavender,8.3,50499
Smultronstället,91,Drama; Romance,Ingmar Bergman,Ingmar Bergman,Victor Sjöström; Bibi Andersson; Ingrid Thulin,8.3,60018
The Elephant Man,124,Biography; Drama,David Lynch,Christopher De Vore; Eric Bergren,Anthony Hopkins; John Hurt; Anne Bancroft,8.2,155020
Casino,178,Biography; Crime; Drama,Martin Scorsese,Nicholas Pileggi; Nicholas Pileggi,Robert De Niro; Sharon Stone; Joe Pesci,8.2,316965
Hauru no ugoku shiro,119,Animation; Adventure; Family; Fantasy,Hayao Miyazaki,Hayao Miyazaki; Diana Wynne Jones,Chieko Baishô; Takuya Kimura; Tatsuya Gashûin,8.2,200119
Warrior,140,Drama; Sport,Gavin O'Connor,Gavin O'Connor; Anthony Tambakis,Tom Hardy; Nick Nolte; Joel Edgerton,8.2,314539
The Wolf of Wall Street,180,Biography; Comedy; Crime; Drama,Martin Scorsese,Terence Winter; Jordan Belfort,Leonardo DiCaprio; Jonah Hill; Margot Robbie,8.2,712795
V for Vendetta,132,Action; Drama; Thriller,James McTeigue,Andy Wachowski; Lana Wachowski,Hugo Weaving; Natalie Portman; Rupert Graves,8.2,752314
Oordeel te Neurenberg,186,Drama; History; War,Stanley Kramer,Abby Mann; Abby Mann,Spencer Tracy; Burt Lancaster; Richard Widmark,8.3,41432
A Beautiful Mind,135,Biography; Drama,Ron Howard,Akiva Goldsman; Sylvia Nasar,Russell Crowe; Ed Harris; Jennifer Connelly,8.2,574934
Gran Torino,116,Drama,Clint Eastwood,Nick Schenk; Dave Johannson,Clint Eastwood; Bee Vang; Christopher Carley,8.2,537133
The Big Lebowski,117,Comedy; Crime,Joel Coen; Ethan Coen,Ethan Coen; Joel Coen,Jeff Bridges; John Goodman; Julianne Moore,8.2,509654
Rebecca,130,Drama; Mystery; Thriller,Alfred Hitchcock,Daphne Du Maurier; Robert E. Sherwood,Laurence Olivier; Joan Fontaine; George Sanders,8.2,83377
The Deer Hunter,183,Drama; War,Michael Cimino,Michael Cimino; Deric Washburn,Robert De Niro; Christopher Walken; John Cazale,8.2,222437
Gone with the Wind,238,Drama; Romance; War,Victor Fleming; George Cukor,Margaret Mitchell; Sidney Howard,Clark Gable; Vivien Leigh; Thomas Mitchell,8.2,205312
Cool Hand Luke,126,Crime; Drama,Stuart Rosenberg,Donn Pearce; Frank Pierson,Paul Newman; George Kennedy; Strother Martin,8.2,114865
How to Train Your Dragon,98,Animation; Adventure; Family; Fantasy,Dean DeBlois; Chris Sanders,William Davies; Dean DeBlois,Jay Baruchel; Gerard Butler; Christopher Mintz-Plasse,8.2,455443
Fargo,98,Crime; Drama; Thriller,Joel Coen; Ethan Coen,Ethan Coen; Joel Coen,William H. Macy; Frances McDormand; Steve Buscemi,8.2,430473
Trainspotting,94,Drama,Danny Boyle,Irvine Welsh; John Hodge,Ewan McGregor; Ewen Bremner; Jonny Lee Miller,8.2,447781
Incendies,139,Drama; Mystery; War,Denis Villeneuve,Denis Villeneuve; Wajdi Mouawad,Lubna Azabal; Mélissa Désormeaux-Poulin; Maxim Gaudette,8.2,73983
Dial M for Murder,105,Crime; Thriller,Alfred Hitchcock,Frederick Knott; Frederick Knott,Ray Milland; Grace Kelly; Robert Cummings,8.2,100329
The Sixth Sense,107,Drama; Mystery; Thriller,M. Night Shyamalan,M. Night Shyamalan,Bruce Willis; Haley Joel Osment; Toni Collette,8.1,673014
Into the Wild,148,Adventure; Biography; Drama; Romance,Sean Penn,Sean Penn; Jon Krakauer,Emile Hirsch; Vince Vaughn; Catherine Keener,8.2,403506
Finding Nemo,100,Animation; Adventure; Comedy; Family,Andrew Stanton; Lee Unkrich,Andrew Stanton; Andrew Stanton,Albert Brooks; Ellen DeGeneres; Alexander Gould,8.1,645435
Het gebeurde op 'n avond,105,Comedy; Romance,Frank Capra,Robert Riskin; Samuel Hopkins Adams,Clark Gable; Claudette Colbert; Walter Connolly,8.2,61250
The Thing,109,Horror; Sci-Fi,John Carpenter,Bill Lancaster; John W. Campbell Jr.,Kurt Russell; Wilford Brimley; Keith David,8.2,244341
No Country for Old Men,122,Crime; Drama; Thriller,Ethan Coen; Joel Coen,Joel Coen; Ethan Coen,Tommy Lee Jones; Javier Bardem; Josh Brolin,8.1,581175
Mad Max: Fury Road,120,Action; Adventure; Sci-Fi; Thriller,George Miller,George Miller; Brendan McCarthy,Tom Hardy; Charlize Theron; Nicholas Hoult,8.2,450198
Spotlight,128,Biography; Drama; History; Thriller,Tom McCarthy,Josh Singer; Tom McCarthy,Mark Ruffalo; Michael Keaton; Rachel McAdams,8.2,54284
Gone Girl,149,Crime; Drama; Mystery; Romance; Thriller,David Fincher,Gillian Flynn; Gillian Flynn,Ben Affleck; Rosamund Pike; Neil Patrick Harris,8.1,521914
Mary and Max,92,Animation; Comedy; Drama,Adam Elliot,Adam Elliot,Toni Collette; Philip Seymour Hoffman; Eric Bana,8.2,112119
Kill Bill: Vol. 1,111,Action,Quentin Tarantino,Quentin Tarantino; Quentin Tarantino,Uma Thurman; David Carradine; Daryl Hannah,8.1,698339
Rush,123,Action; Biography; Drama; Sport,Ron Howard,Peter Morgan,Daniel Brühl; Chris Hemsworth; Olivia Wilde,8.2,291178
The Maltese Falcon,100,Crime; Drama; Film-Noir; Mystery,John Huston,John Huston; Dashiell Hammett,Humphrey Bogart; Mary Astor; Gladys George,8.2,107876
Life of Brian,94,Comedy,Terry Jones,Graham Chapman; John Cleese,Graham Chapman; John Cleese; Michael Palin,8.1,259405
Hotel Rwanda,121,Drama; History; War,Terry George,Keir Pearson; Terry George,Don Cheadle; Sophie Okonedo; Joaquin Phoenix,8.1,253020
Platoon,120,Drama; War,Oliver Stone,Oliver Stone,Charlie Sheen; Tom Berenger; Willem Dafoe,8.1,278964
Le salaire de la peur,131,Adventure; Drama; Thriller,Henri-Georges Clouzot,Georges Arnaud; Henri-Georges Clouzot,Yves Montand; Charles Vanel; Peter van Eyck,8.2,33546
There Will Be Blood,158,Drama,Paul Thomas Anderson,Paul Thomas Anderson; Upton Sinclair,Daniel Day-Lewis; Paul Dano; Ciarán Hinds,8.1,355044
Butch Cassidy and the Sundance Kid,110,Biography; Crime; Drama; Western,George Roy Hill,William Goldman,Paul Newman; Robert Redford; Katharine Ross,8.1,144494
Network,121,Drama,Sidney Lumet,Paddy Chayefsky,Faye Dunaway; William Holden; Peter Finch,8.1,97896
Les quatre cents coups,99,Crime; Drama,François Truffaut,François Truffaut; Marcel Moussy,Jean-Pierre Léaud; Albert Rémy; Claire Maurier,8.2,66411
Stand by Me,89,Adventure; Drama,Rob Reiner,Stephen King; Raynold Gideon,Wil Wheaton; River Phoenix; Corey Feldman,8.1,258328
Persona,85,Drama; Thriller,Ingmar Bergman,Ingmar Bergman,Bibi Andersson; Liv Ullmann; Margaretha Krook,8.2,57467
12 Years a Slave,134,Biography; Drama; History,Steve McQueen,John Ridley; Solomon Northup,Chiwetel Ejiofor; Michael Kenneth Williams; Michael Fassbender,8.1,405382
The Princess Bride,98,Adventure; Comedy; Family; Fantasy; Romance,Rob Reiner,William Goldman; William Goldman,Cary Elwes; Mandy Patinkin; Robin Wright,8.1,280249
The Grand Budapest Hotel,99,Adventure; Comedy; Drama,Wes Anderson,Stefan Zweig; Wes Anderson,Ralph Fiennes; F. Murray Abraham; Mathieu Amalric,8.1,432919
Touch of Evil,95,Crime; Film-Noir; Thriller,Orson Welles,Orson Welles; Whit Masterson,Charlton Heston; Orson Welles; Janet Leigh,8.1,69535
In the Name of the Father,133,Biography; Drama; History,Jim Sheridan,Gerry Conlon; Terry George,Daniel Day-Lewis; Pete Postlethwaite; Alison Crosbie,8.1,103200
Amores perros,154,Drama; Thriller,Alejandro González Iñárritu,Guillermo Arriaga,Emilio Echevarría; Gael García Bernal; Goya Toledo,8.1,166170
Shutter Island,138,Mystery; Thriller,Martin Scorsese,Laeta Kalogridis; Dennis Lehane,Leonardo DiCaprio; Emily Mortimer; Mark Ruffalo,8.1,735816
Million Dollar Baby,132,Drama; Sport,Clint Eastwood,Paul Haggis; F.X. Toole,Hilary Swank; Clint Eastwood; Morgan Freeman,8.1,458517
Annie Hall,93,Comedy; Romance,Woody Allen,Woody Allen; Marshall Brickman,Woody Allen; Diane Keaton; Tony Roberts,8.1,182689
Ben Hur,212,Adventure; Drama; War,William Wyler,Lew Wallace; Karl Tunberg,Charlton Heston; Jack Hawkins; Stephen Boyd,8.1,151821
The Grapes of Wrath,129,Drama,John Ford,Nunnally Johnson; John Steinbeck,Henry Fonda; Jane Darwell; John Carradine,8.1,59819
Relatos salvajes,122,Comedy; Drama; Thriller,Damián Szifrón,Damián Szifrón,Darío Grandinetti; María Marull; Mónica Villa,8.1,73092
Hachi: A Dog's Tale,93,Drama; Family,Lasse Hallström,Stephen P. Lindsey; Kaneto Shindô,Richard Gere; Joan Allen; Cary-Hiroyuki Tagawa,8.2,141038
Kaze no tani no Naushika,117,Animation; Adventure; Fantasy; Sci-Fi,Hayao Miyazaki,Hayao Miyazaki; Hayao Miyazaki,Sumi Shimamoto; Mahito Tsujimura; Hisako Kyôda,8.1,89908
Stalker,163,Drama; Sci-Fi,Andrei Tarkovsky,Arkadiy Strugatskiy; Boris Strugatskiy,Alisa Freyndlikh; Aleksandr Kaydanovskiy; Anatoliy Solonitsyn,8.2,64356
Demonen,116,Drama; Horror; Thriller,Henri-Georges Clouzot,Pierre Boileau; Thomas Narcejac,Simone Signoret; Véra Clouzot; Paul Meurisse,8.1,39896
Jurassic Park,127,Adventure; Sci-Fi; Thriller,Steven Spielberg,Michael Crichton; Michael Crichton,Sam Neill; Laura Dern; Jeff Goldblum,8.1,572717
Gandhi,191,Biography; Drama; History,Richard Attenborough,John Briley,Ben Kingsley; John Gielgud; Candice Bergen,8.1,163225
The Martian,144,Adventure; Drama; Sci-Fi,Ridley Scott,Drew Goddard; Andy Weir,Matt Damon; Jessica Chastain; Kristen Wiig,8.1,333327
8½,138,Drama; Fantasy,Federico Fellini,Federico Fellini; Ennio Flaiano,Marcello Mastroianni; Anouk Aimée; Claudia Cardinale,8.1,74778
The Bourne Ultimatum,115,Action; Thriller,Paul Greengrass,Tony Gilroy; Scott Z. Burns,Matt Damon; Edgar Ramirez; Joan Allen,8.1,464351
Donnie Darko,113,Drama; Sci-Fi; Thriller,Richard Kelly,Richard Kelly,Jake Gyllenhaal; Jena Malone; Mary McDonnell,8.1,555069
The Wizard of Oz,102,Adventure; Family; Fantasy; Musical,Victor Fleming; George Cukor,Noel Langley; Florence Ryerson,Judy Garland; Frank Morgan; Ray Bolger,8.1,277836
Before Sunrise,105,Drama; Romance,Richard Linklater,Richard Linklater; Kim Krizan,Ethan Hawke; Julie Delpy; Andrea Eckert,8.1,172247
De beste jaren van ons leven,172,Drama; Romance; War,William Wyler,Robert E. Sherwood; MacKinlay Kantor,Fredric March; Dana Andrews; Myrna Loy,8.2,38445
Sin City,124,Crime; Thriller,Frank Miller; Robert Rodriguez,Frank Miller,Mickey Rourke; Clive Owen; Bruce Willis,8.1,632363
Strangers on a Train,101,Crime; Film-Noir; Thriller,Alfred Hitchcock,Raymond Chandler; Czenzi Ormonde,Farley Granger; Robert Walker; Ruth Roman,8.1,91171
The Terminator,107,Action; Sci-Fi,James Cameron,James Cameron; Gale Anne Hurd,Arnold Schwarzenegger; Linda Hamilton; Michael Biehn,8.1,569300
Twelve Monkeys,129,Mystery; Sci-Fi; Thriller,Terry Gilliam,Chris Marker; David Webb Peoples,Bruce Willis; Madeleine Stowe; Brad Pitt,8.1,442476
Rocky,120,Drama; Sport,John G. Avildsen,Sylvester Stallone,Sylvester Stallone; Talia Shire; Burt Young,8.1,351170
The Truman Show,103,Drama,Peter Weir,Andrew Niccol,Jim Carrey; Ed Harris; Laura Linney,8.1,630479
Salinui chueok,130,Crime; Drama; Mystery; Thriller,Joon Ho Bong,Joon Ho Bong; Kwang-rim Kim,Kang-ho Song; Sang-kyung Kim; Roe-ha Kim,8.1,61254
Groundhog Day,101,Comedy; Fantasy; Romance,Harold Ramis,Danny Rubin; Harold Ramis,Bill Murray; Andie MacDowell; Chris Elliott,8.1,413944
"Monsters, Inc.",92,Animation; Adventure; Comedy; Family; Fantasy,Pete Docter; David Silverman,Pete Docter; Jill Culton,Billy Crystal; John Goodman; Mary Gibbs,8.1,548062
Harry Potter and the Deathly Hallows: Part 2,130,Adventure; Drama; Fantasy; Mystery,David Yates,Steve Kloves; J.K. Rowling,Daniel Radcliffe; Emma Watson; Rupert Grint,8.1,509545
Jaws,124,Adventure; Thriller,Steven Spielberg,Peter Benchley; Carl Gottlieb,Roy Scheider; Robert Shaw; Richard Dreyfuss,8.1,391305
Mou gaan dou,101,Crime; Mystery; Thriller,Wai-Keung Lau; Alan Mak,Alan Mak; Felix Chong,Andy Lau; Tony Chiu Wai Leung; Anthony Chau-Sang Wong,8.1,87749
De slag om Algiers,121,Drama; War,Gillo Pontecorvo,Franco Solinas; Franco Solinas,Brahim Hadjadj; Jean Martin; Yacef Saadi,8.1,35070
Barry Lyndon,184,Adventure; Drama; Romance; War,Stanley Kubrick,Stanley Kubrick; William Makepeace Thackeray,Ryan O'Neal; Marisa Berenson; Patrick Magee,8.1,96190
The Avengers,143,Action; Sci-Fi; Thriller,Joss Whedon,Joss Whedon; Zak Penn,Robert Downey Jr.; Chris Evans; Scarlett Johansson,8.1,930580
La haine,98,Crime; Drama,Mathieu Kassovitz,Mathieu Kassovitz,Vincent Cassel; Hubert Koundé; Saïd Taghmaoui,8.1,97887
Dog Day Afternoon,125,Crime; Drama,Sidney Lumet,Frank Pierson; P.F. Kluge,Al Pacino; John Cazale; Penelope Allen,8.1,174496
De grote illusie,114,Drama; War,Jean Renoir,Charles Spaak; Jean Renoir,Jean Gabin; Dita Parlo; Pierre Fresnay,8.2,25085
Kumonosu-jô,110,Drama,Akira Kurosawa,Hideo Oguni; Shinobu Hashimoto,Toshirô Mifune; Minoru Chiaki; Isuzu Yamada,8.1,29261
Fanny och Alexander,188,Drama,Ingmar Bergman,Ingmar Bergman,Bertil Guve; Pernilla Allwin; Kristina Adolphson,8.1,41084
Yip Man,106,Action; Biography; Drama; Sport,Wilson Yip,Edmond Wong; Chan Tai-Li,Donnie Yen; Simon Yam; Siu-Wong Fan,8.1,154009
Prisoners,153,Crime; Drama; Mystery; Thriller,Denis Villeneuve,Aaron Guzikowski,Hugh Jackman; Jake Gyllenhaal; Viola Davis,8.1,353735
The Imitation Game,114,Biography; Drama; Thriller; War,Morten Tyldum,Graham Moore; Andrew Hodges,Benedict Cumberbatch; Keira Knightley; Matthew Goode,8.1,411582
The King's Speech,118,Biography; Drama; History,Tom Hooper,David Seidler,Colin Firth; Geoffrey Rush; Helena Bonham Carter,8,474881
Guardians of the Galaxy,121,Action; Adventure; Sci-Fi,James Gunn,James Gunn; Nicole Perlman,Chris Pratt; Vin Diesel; Bradley Cooper,8.1,610635
Pirates of the Caribbean: The Curse of the Black Pearl,143,Action; Adventure; Fantasy,Gore Verbinski,Ted Elliott; Terry Rossio,Johnny Depp; Geoffrey Rush; Orlando Bloom,8.1,770399
Klokslag 12,85,Western,Fred Zinnemann,Carl Foreman; John W. Cunningham,Gary Cooper; Grace Kelly; Thomas Mitchell,8.1,76610
Per un pugno di dollari,99,Action; Drama; Western,Sergio Leone,Adriano Bolzoni; Víctor Andrés Catena,Clint Eastwood; Gian Maria Volontè; Marianne Koch,8,137127
The Help,146,Drama,Tate Taylor,Tate Taylor; Kathryn Stockett,Emma Stone; Viola Davis; Octavia Spencer,8.1,303132
Roman Holiday,118,Comedy; Romance,William Wyler,Ian McLellan Hunter; John Dighton,Gregory Peck; Audrey Hepburn; Eddie Albert,8.1,94755
Tenkû no shiro Rapyuta,125,Animation; Adventure; Family; Fantasy,Hayao Miyazaki,Hayao Miyazaki,Anna Paquin; James Van Der Beek; Cloris Leachman,8.1,92603
Notorious,101,Drama; Film-Noir; Romance; Thriller,Alfred Hitchcock,Ben Hecht,Cary Grant; Ingrid Bergman; Claude Rains,8.1,70896
Wie is bang voor Virginia Woolf?,131,Drama,Mike Nichols,Ernest Lehman,Elizabeth Taylor; Richard Burton; George Segal,8.1,53833
Catch Me If You Can,141,Biography; Crime; Drama,Steven Spielberg,Jeff Nathanson; Frank Abagnale Jr.,Leonardo DiCaprio; Tom Hanks; Christopher Walken,8,479292
Anatomy of a Murder,160,Crime; Drama; Mystery; Thriller,Otto Preminger,Wendell Mayes; John D. Voelker,James Stewart; Lee Remick; Ben Gazzara,8.1,44588
Belle en het Beest,84,Animation; Family; Fantasy; Musical; Romance,Gary Trousdale; Kirk Wise,Linda Woolverton; Brenda Chapman,Paige O'Hara; Robby Benson; Jesse Corti,8,290725
Bom yeoreum gaeul gyeoul geurigo bom,103,Drama,Ki-duk Kim,Ki-duk Kim,Ki-duk Kim; Yeong-su Oh; Jong-ho Kim,8.1,60081
The Night of the Hunter,92,Crime; Drama; Film-Noir; Thriller,Charles Laughton; Robert Mitchum,Davis Grubb; James Agee,Robert Mitchum; Shelley Winters; Lillian Gish,8.1,62365
Before Sunset,80,Drama; Romance,Richard Linklater,Richard Linklater; Julie Delpy,Ethan Hawke; Julie Delpy; Vernon Dobtcheff,8,159907
Underground,170,Comedy; Drama; War,Emir Kusturica,Dusan Kovacevic; Emir Kusturica,Predrag Manojlovic; Lazar Ristovski; Mirjana Jokovic,8.1,42692
La dolce vita,174,Comedy; Drama,Federico Fellini,Federico Fellini; Ennio Flaiano,Marcello Mastroianni; Anita Ekberg; Anouk Aimée,8.1,47028
Queen,146,Adventure; Comedy; Drama,Vikas Bahl,Vikas Bahl; Chaitally Parmar,Kangana Ranaut; Rajkummar Rao; Lisa Haydon,8.4,37919
Akira,124,Animation; Action; Sci-Fi,Katsuhiro Ôtomo,Katsuhiro Ôtomo; Izô Hashimoto,Nozomu Sasaki; Mami Koyama; Mitsuo Iwata,8.1,99451
